GenBank seq accession	RefSeq seq accession	Sequence name	UCSC style name
OY997261.1		Chr1At	
OY997262.1		Chr1G	
OY997263.1		Chr2At	
OY997264.1		Chr2G	
OY997265.1		Chr3At	
OY997266.1		Chr3G	
OY997267.1		Chr4At	
OY997268.1		Chr4G	
OY997269.1		Chr5At	
OY997270.1		Chr5G	
OY997271.1		Chr6At	
OY997272.1		Chr6G	
OY997273.1		Chr7At	
OY997274.1		Chr7G	
CAWUFU020000001.1		scaffold_23	
CAWUFU020000002.1		scaffold_69	
CAWUFU020000003.1		scaffold_98	
CAWUFU020000004.1		scaffold_124	
CAWUFU020000005.1		scaffold_155	
CAWUFU020000006.1		scaffold_158	
CAWUFU020000007.1		scaffold_160	
CAWUFU020000008.1		scaffold_166	
CAWUFU020000009.1		scaffold_172	
CAWUFU020000010.1		scaffold_175	
CAWUFU020000011.1		scaffold_177	
CAWUFU020000012.1		scaffold_178	
CAWUFU020000013.1		scaffold_179	
CAWUFU020000014.1		scaffold_182	
CAWUFU020000015.1		scaffold_184	
CAWUFU020000016.1		scaffold_186	
CAWUFU020000017.1		scaffold_187	
CAWUFU020000018.1		scaffold_190	
CAWUFU020000019.1		scaffold_192	
CAWUFU020000020.1		scaffold_194	
CAWUFU020000021.1		scaffold_203	
CAWUFU020000022.1		scaffold_207	
CAWUFU020000023.1		scaffold_209	
CAWUFU020000024.1		scaffold_215	
CAWUFU020000025.1		scaffold_218	
CAWUFU020000026.1		scaffold_219	
CAWUFU020000027.1		scaffold_224	
CAWUFU020000028.1		scaffold_225	
CAWUFU020000029.1		scaffold_226	
CAWUFU020000030.1		scaffold_229	
CAWUFU020000031.1		scaffold_231	
CAWUFU020000032.1		scaffold_234	
CAWUFU020000033.1		scaffold_239	
CAWUFU020000034.1		scaffold_240	
CAWUFU020000035.1		scaffold_246	
CAWUFU020000036.1		scaffold_252	
CAWUFU020000037.1		scaffold_255	
CAWUFU020000038.1		scaffold_256	
CAWUFU020000039.1		scaffold_260	
CAWUFU020000040.1		scaffold_261	
CAWUFU020000041.1		scaffold_263	
CAWUFU020000042.1		scaffold_264	
CAWUFU020000043.1		scaffold_268	
CAWUFU020000044.1		scaffold_269	
CAWUFU020000045.1		scaffold_271	
CAWUFU020000046.1		scaffold_274	
CAWUFU020000047.1		scaffold_275	
CAWUFU020000048.1		scaffold_279	
CAWUFU020000049.1		scaffold_280	
CAWUFU020000050.1		scaffold_281	
CAWUFU020000051.1		scaffold_283	
CAWUFU020000052.1		scaffold_285	
CAWUFU020000053.1		scaffold_288	
CAWUFU020000054.1		scaffold_292	
CAWUFU020000055.1		scaffold_293	
CAWUFU020000056.1		scaffold_294	
CAWUFU020000057.1		scaffold_295	
CAWUFU020000058.1		scaffold_297	
CAWUFU020000059.1		scaffold_298	
CAWUFU020000060.1		scaffold_302	
CAWUFU020000061.1		scaffold_305	
CAWUFU020000062.1		scaffold_306	
CAWUFU020000063.1		scaffold_309	
CAWUFU020000064.1		scaffold_313	
CAWUFU020000065.1		scaffold_315	
CAWUFU020000066.1		scaffold_316	
CAWUFU020000067.1		scaffold_318	
CAWUFU020000068.1		scaffold_321	
CAWUFU020000069.1		scaffold_324	
CAWUFU020000070.1		scaffold_325	
CAWUFU020000071.1		scaffold_326	
CAWUFU020000072.1		scaffold_328	
CAWUFU020000073.1		scaffold_329	
CAWUFU020000074.1		scaffold_336	
CAWUFU020000075.1		scaffold_338	
CAWUFU020000076.1		scaffold_339	
CAWUFU020000077.1		scaffold_343	
CAWUFU020000078.1		scaffold_345	
CAWUFU020000079.1		scaffold_346	
CAWUFU020000080.1		scaffold_349	
CAWUFU020000081.1		scaffold_350	
CAWUFU020000082.1		scaffold_355	
CAWUFU020000083.1		scaffold_358	
CAWUFU020000084.1		scaffold_359	
CAWUFU020000085.1		scaffold_360	
CAWUFU020000086.1		scaffold_361	
CAWUFU020000087.1		scaffold_363	
CAWUFU020000088.1		scaffold_364	
CAWUFU020000089.1		scaffold_367	
CAWUFU020000090.1		scaffold_368	
CAWUFU020000091.1		scaffold_371	
CAWUFU020000092.1		scaffold_375	
CAWUFU020000093.1		scaffold_378	
CAWUFU020000094.1		scaffold_379	
CAWUFU020000095.1		scaffold_380	
CAWUFU020000096.1		scaffold_381	
CAWUFU020000097.1		scaffold_382	
CAWUFU020000098.1		scaffold_386	
CAWUFU020000099.1		scaffold_387	
CAWUFU020000100.1		scaffold_389	
CAWUFU020000101.1		scaffold_390	
CAWUFU020000102.1		scaffold_392	
CAWUFU020000103.1		scaffold_393	
CAWUFU020000104.1		scaffold_394	
CAWUFU020000105.1		scaffold_395	
CAWUFU020000106.1		scaffold_396	
CAWUFU020000107.1		scaffold_398	
CAWUFU020000108.1		scaffold_400	
CAWUFU020000109.1		scaffold_401	
CAWUFU020000110.1		scaffold_402	
CAWUFU020000111.1		scaffold_407	
CAWUFU020000112.1		scaffold_409	
CAWUFU020000113.1		scaffold_412	
CAWUFU020000114.1		scaffold_415	
CAWUFU020000115.1		scaffold_416	
CAWUFU020000116.1		scaffold_417	
CAWUFU020000117.1		scaffold_420	
CAWUFU020000118.1		scaffold_422	
CAWUFU020000119.1		scaffold_425	
CAWUFU020000120.1		scaffold_427	
CAWUFU020000121.1		scaffold_428	
CAWUFU020000122.1		scaffold_429	
CAWUFU020000123.1		scaffold_434	
CAWUFU020000124.1		scaffold_435	
CAWUFU020000125.1		scaffold_437	
CAWUFU020000126.1		scaffold_439	
CAWUFU020000127.1		scaffold_445	
CAWUFU020000128.1		scaffold_446	
CAWUFU020000129.1		scaffold_447	
CAWUFU020000130.1		scaffold_450	
CAWUFU020000131.1		scaffold_453	
CAWUFU020000132.1		scaffold_455	
CAWUFU020000133.1		scaffold_457	
CAWUFU020000134.1		scaffold_460	
CAWUFU020000135.1		scaffold_462	
CAWUFU020000136.1		scaffold_464	
CAWUFU020000137.1		scaffold_468	
CAWUFU020000138.1		scaffold_471	
CAWUFU020000139.1		scaffold_474	
CAWUFU020000140.1		scaffold_475	
CAWUFU020000141.1		scaffold_476	
CAWUFU020000142.1		scaffold_477	
CAWUFU020000143.1		scaffold_481	
CAWUFU020000144.1		scaffold_482	
CAWUFU020000145.1		scaffold_483	
CAWUFU020000146.1		scaffold_484	
CAWUFU020000147.1		scaffold_487	
CAWUFU020000148.1		scaffold_488	
CAWUFU020000149.1		scaffold_489	
CAWUFU020000150.1		scaffold_490	
CAWUFU020000151.1		scaffold_496	
CAWUFU020000152.1		scaffold_497	
CAWUFU020000153.1		scaffold_498	
CAWUFU020000154.1		scaffold_499	
CAWUFU020000155.1		scaffold_500	
CAWUFU020000156.1		scaffold_502	
CAWUFU020000157.1		scaffold_503	
CAWUFU020000158.1		scaffold_504	
CAWUFU020000159.1		scaffold_506	
CAWUFU020000160.1		scaffold_507	
CAWUFU020000161.1		scaffold_508	
CAWUFU020000162.1		scaffold_509	
CAWUFU020000163.1		scaffold_510	
CAWUFU020000164.1		scaffold_511	
CAWUFU020000165.1		scaffold_515	
CAWUFU020000166.1		scaffold_516	
CAWUFU020000167.1		scaffold_519	
CAWUFU020000168.1		scaffold_520	
CAWUFU020000169.1		scaffold_521	
CAWUFU020000170.1		scaffold_522	
CAWUFU020000171.1		scaffold_523	
CAWUFU020000172.1		scaffold_525	
CAWUFU020000173.1		scaffold_528	
CAWUFU020000174.1		scaffold_529	
CAWUFU020000175.1		scaffold_530	
CAWUFU020000176.1		scaffold_531	
CAWUFU020000177.1		scaffold_533	
CAWUFU020000178.1		scaffold_536	
CAWUFU020000179.1		scaffold_539	
CAWUFU020000180.1		scaffold_541	
CAWUFU020000181.1		scaffold_543	
CAWUFU020000182.1		scaffold_546	
CAWUFU020000183.1		scaffold_547	
CAWUFU020000184.1		scaffold_548	
CAWUFU020000185.1		scaffold_549	
CAWUFU020000186.1		scaffold_550	
CAWUFU020000187.1		scaffold_552	
CAWUFU020000188.1		scaffold_553	
CAWUFU020000189.1		scaffold_559	
CAWUFU020000190.1		scaffold_560	
CAWUFU020000191.1		scaffold_561	
CAWUFU020000192.1		scaffold_564	
CAWUFU020000193.1		scaffold_565	
CAWUFU020000194.1		scaffold_566	
CAWUFU020000195.1		scaffold_569	
CAWUFU020000196.1		scaffold_570	
CAWUFU020000197.1		scaffold_572	
CAWUFU020000198.1		scaffold_573	
CAWUFU020000199.1		scaffold_574	
CAWUFU020000200.1		scaffold_577	
CAWUFU020000201.1		scaffold_580	
CAWUFU020000202.1		scaffold_581	
CAWUFU020000203.1		scaffold_582	
CAWUFU020000204.1		scaffold_583	
CAWUFU020000205.1		scaffold_584	
CAWUFU020000206.1		scaffold_585	
CAWUFU020000207.1		scaffold_586	
CAWUFU020000208.1		scaffold_587	
CAWUFU020000209.1		scaffold_588	
CAWUFU020000210.1		scaffold_589	
CAWUFU020000211.1		scaffold_590	
CAWUFU020000212.1		scaffold_591	
CAWUFU020000213.1		scaffold_592	
CAWUFU020000214.1		scaffold_596	
CAWUFU020000215.1		scaffold_597	
CAWUFU020000216.1		scaffold_598	
CAWUFU020000217.1		scaffold_599	
CAWUFU020000218.1		scaffold_600	
CAWUFU020000219.1		scaffold_601	
CAWUFU020000220.1		scaffold_602	
CAWUFU020000221.1		scaffold_603	
CAWUFU020000222.1		scaffold_604	
CAWUFU020000223.1		scaffold_605	
CAWUFU020000224.1		scaffold_606	
CAWUFU020000225.1		scaffold_607	
CAWUFU020000226.1		scaffold_608	
CAWUFU020000227.1		scaffold_609	
CAWUFU020000228.1		scaffold_610	
CAWUFU020000229.1		scaffold_611	
CAWUFU020000230.1		scaffold_612	
CAWUFU020000231.1		scaffold_614	
CAWUFU020000232.1		scaffold_615	
CAWUFU020000233.1		scaffold_620	
CAWUFU020000234.1		scaffold_621	
CAWUFU020000235.1		scaffold_622	
CAWUFU020000236.1		scaffold_625	
CAWUFU020000237.1		scaffold_626	
CAWUFU020000238.1		scaffold_627	
CAWUFU020000239.1		scaffold_628	
CAWUFU020000240.1		scaffold_630	
CAWUFU020000241.1		scaffold_632	
CAWUFU020000242.1		scaffold_633	
CAWUFU020000243.1		scaffold_634	
CAWUFU020000244.1		scaffold_635	
CAWUFU020000245.1		scaffold_636	
CAWUFU020000246.1		scaffold_637	
CAWUFU020000247.1		scaffold_638	
CAWUFU020000248.1		scaffold_639	
CAWUFU020000249.1		scaffold_640	
CAWUFU020000250.1		scaffold_641	
CAWUFU020000251.1		scaffold_644	
CAWUFU020000252.1		scaffold_646	
CAWUFU020000253.1		scaffold_648	
CAWUFU020000254.1		scaffold_649	
CAWUFU020000255.1		scaffold_650	
CAWUFU020000256.1		scaffold_651	
CAWUFU020000257.1		scaffold_652	
CAWUFU020000258.1		scaffold_653	
CAWUFU020000259.1		scaffold_654	
CAWUFU020000260.1		scaffold_656	
CAWUFU020000261.1		scaffold_657	
CAWUFU020000262.1		scaffold_659	
CAWUFU020000263.1		scaffold_660	
CAWUFU020000264.1		scaffold_661	
CAWUFU020000265.1		scaffold_662	
CAWUFU020000266.1		scaffold_663	
CAWUFU020000267.1		scaffold_664	
CAWUFU020000268.1		scaffold_665	
CAWUFU020000269.1		scaffold_666	
CAWUFU020000270.1		scaffold_668	
CAWUFU020000271.1		scaffold_669	
CAWUFU020000272.1		scaffold_670	
CAWUFU020000273.1		scaffold_671	
CAWUFU020000274.1		scaffold_672	
CAWUFU020000275.1		scaffold_673	
CAWUFU020000276.1		scaffold_674	
CAWUFU020000277.1		scaffold_676	
CAWUFU020000278.1		scaffold_678	
CAWUFU020000279.1		scaffold_679	
CAWUFU020000280.1		scaffold_680	
CAWUFU020000281.1		scaffold_683	
CAWUFU020000282.1		scaffold_685	
CAWUFU020000283.1		scaffold_686	
CAWUFU020000284.1		scaffold_688	
CAWUFU020000285.1		scaffold_689	
CAWUFU020000286.1		scaffold_690	
CAWUFU020000287.1		scaffold_691	
CAWUFU020000288.1		scaffold_693	
CAWUFU020000289.1		scaffold_695	
CAWUFU020000290.1		scaffold_696	
CAWUFU020000291.1		scaffold_697	
CAWUFU020000292.1		scaffold_698	
CAWUFU020000293.1		scaffold_699	
CAWUFU020000294.1		scaffold_700	
CAWUFU020000295.1		scaffold_701	
CAWUFU020000296.1		scaffold_702	
CAWUFU020000297.1		scaffold_703	
CAWUFU020000298.1		scaffold_704	
CAWUFU020000299.1		scaffold_705	
CAWUFU020000300.1		scaffold_706	
CAWUFU020000301.1		scaffold_707	
CAWUFU020000302.1		scaffold_708	
CAWUFU020000303.1		scaffold_709	
CAWUFU020000304.1		scaffold_710	
CAWUFU020000305.1		scaffold_711	
CAWUFU020000306.1		scaffold_712	
CAWUFU020000307.1		scaffold_713	
CAWUFU020000308.1		scaffold_716	
CAWUFU020000309.1		scaffold_717	
CAWUFU020000310.1		scaffold_718	
CAWUFU020000311.1		scaffold_719	
CAWUFU020000312.1		scaffold_720	
CAWUFU020000313.1		scaffold_721	
CAWUFU020000314.1		scaffold_722	
CAWUFU020000315.1		scaffold_723	
CAWUFU020000316.1		scaffold_724	
CAWUFU020000317.1		scaffold_727	
CAWUFU020000318.1		scaffold_729	
CAWUFU020000319.1		scaffold_731	
CAWUFU020000320.1		scaffold_733	
CAWUFU020000321.1		scaffold_734	
CAWUFU020000322.1		scaffold_735	
CAWUFU020000323.1		scaffold_736	
CAWUFU020000324.1		scaffold_737	
CAWUFU020000325.1		scaffold_739	
CAWUFU020000326.1		scaffold_740	
CAWUFU020000327.1		scaffold_741	
CAWUFU020000328.1		scaffold_744	
CAWUFU020000329.1		scaffold_747	
CAWUFU020000330.1		scaffold_748	
CAWUFU020000331.1		scaffold_749	
CAWUFU020000332.1		scaffold_750	
CAWUFU020000333.1		scaffold_751	
CAWUFU020000334.1		scaffold_752	
CAWUFU020000335.1		scaffold_753	
CAWUFU020000336.1		scaffold_754	
CAWUFU020000337.1		scaffold_757	
CAWUFU020000338.1		scaffold_759	
CAWUFU020000339.1		scaffold_760	
CAWUFU020000340.1		scaffold_761	
CAWUFU020000341.1		scaffold_762	
CAWUFU020000342.1		scaffold_763	
CAWUFU020000343.1		scaffold_764	
CAWUFU020000344.1		scaffold_766	
CAWUFU020000345.1		scaffold_767	
CAWUFU020000346.1		scaffold_768	
CAWUFU020000347.1		scaffold_769	
CAWUFU020000348.1		scaffold_771	
CAWUFU020000349.1		scaffold_772	
CAWUFU020000350.1		scaffold_773	
CAWUFU020000351.1		scaffold_774	
CAWUFU020000352.1		scaffold_775	
CAWUFU020000353.1		scaffold_776	
CAWUFU020000354.1		scaffold_777	
CAWUFU020000355.1		scaffold_778	
CAWUFU020000356.1		scaffold_779	
CAWUFU020000357.1		scaffold_780	
CAWUFU020000358.1		scaffold_781	
CAWUFU020000359.1		scaffold_784	
CAWUFU020000360.1		scaffold_785	
CAWUFU020000361.1		scaffold_786	
CAWUFU020000362.1		scaffold_787	
CAWUFU020000363.1		scaffold_788	
CAWUFU020000364.1		scaffold_790	
CAWUFU020000365.1		scaffold_791	
CAWUFU020000366.1		scaffold_793	
CAWUFU020000367.1		scaffold_795	
CAWUFU020000368.1		scaffold_796	
CAWUFU020000369.1		scaffold_797	
CAWUFU020000370.1		scaffold_798	
CAWUFU020000371.1		scaffold_799	
CAWUFU020000372.1		scaffold_800	
CAWUFU020000373.1		scaffold_803	
CAWUFU020000374.1		scaffold_804	
CAWUFU020000375.1		scaffold_805	
CAWUFU020000376.1		scaffold_806	
CAWUFU020000377.1		scaffold_807	
CAWUFU020000378.1		scaffold_808	
CAWUFU020000379.1		scaffold_809	
CAWUFU020000380.1		scaffold_810	
CAWUFU020000381.1		scaffold_811	
CAWUFU020000382.1		scaffold_813	
CAWUFU020000383.1		scaffold_814	
CAWUFU020000384.1		scaffold_815	
CAWUFU020000385.1		scaffold_817	
CAWUFU020000386.1		scaffold_818	
CAWUFU020000387.1		scaffold_819	
CAWUFU020000388.1		scaffold_820	
CAWUFU020000389.1		scaffold_821	
CAWUFU020000390.1		scaffold_822	
CAWUFU020000391.1		scaffold_823	
CAWUFU020000392.1		scaffold_824	
CAWUFU020000393.1		scaffold_825	
CAWUFU020000394.1		scaffold_826	
CAWUFU020000395.1		scaffold_827	
CAWUFU020000396.1		scaffold_828	
CAWUFU020000397.1		scaffold_831	
CAWUFU020000398.1		scaffold_832	
CAWUFU020000399.1		scaffold_833	
CAWUFU020000400.1		scaffold_835	
CAWUFU020000401.1		scaffold_836	
CAWUFU020000402.1		scaffold_837	
CAWUFU020000403.1		scaffold_838	
CAWUFU020000404.1		scaffold_839	
CAWUFU020000405.1		scaffold_840	
CAWUFU020000406.1		scaffold_841	
CAWUFU020000407.1		scaffold_843	
CAWUFU020000408.1		scaffold_844	
CAWUFU020000409.1		scaffold_845	
CAWUFU020000410.1		scaffold_846	
CAWUFU020000411.1		scaffold_848	
CAWUFU020000412.1		scaffold_850	
CAWUFU020000413.1		scaffold_851	
CAWUFU020000414.1		scaffold_852	
CAWUFU020000415.1		scaffold_853	
CAWUFU020000416.1		scaffold_855	
CAWUFU020000417.1		scaffold_856	
CAWUFU020000418.1		scaffold_857	
CAWUFU020000419.1		scaffold_858	
CAWUFU020000420.1		scaffold_859	
CAWUFU020000421.1		scaffold_863	
CAWUFU020000422.1		scaffold_864	
CAWUFU020000423.1		scaffold_865	
CAWUFU020000424.1		scaffold_866	
CAWUFU020000425.1		scaffold_868	
CAWUFU020000426.1		scaffold_869	
CAWUFU020000427.1		scaffold_870	
CAWUFU020000428.1		scaffold_871	
CAWUFU020000429.1		scaffold_872	
CAWUFU020000430.1		scaffold_873	
CAWUFU020000431.1		scaffold_874	
CAWUFU020000432.1		scaffold_875	
CAWUFU020000433.1		scaffold_876	
CAWUFU020000434.1		scaffold_877	
CAWUFU020000435.1		scaffold_878	
CAWUFU020000436.1		scaffold_879	
CAWUFU020000437.1		scaffold_880	
CAWUFU020000438.1		scaffold_881	
CAWUFU020000439.1		scaffold_882	
CAWUFU020000440.1		scaffold_883	
CAWUFU020000441.1		scaffold_884	
CAWUFU020000442.1		scaffold_885	
CAWUFU020000443.1		scaffold_886	
CAWUFU020000444.1		scaffold_887	
CAWUFU020000445.1		scaffold_889	
CAWUFU020000446.1		scaffold_890	
CAWUFU020000447.1		scaffold_891	
CAWUFU020000448.1		scaffold_892	
CAWUFU020000449.1		scaffold_894	
CAWUFU020000450.1		scaffold_895	
CAWUFU020000451.1		scaffold_896	
CAWUFU020000452.1		scaffold_897	
CAWUFU020000453.1		scaffold_898	
CAWUFU020000454.1		scaffold_899	
CAWUFU020000455.1		scaffold_901	
CAWUFU020000456.1		scaffold_902	
CAWUFU020000457.1		scaffold_903	
CAWUFU020000458.1		scaffold_904	
CAWUFU020000459.1		scaffold_907	
CAWUFU020000460.1		scaffold_908	
CAWUFU020000461.1		scaffold_910	
CAWUFU020000462.1		scaffold_911	
CAWUFU020000463.1		scaffold_912	
CAWUFU020000464.1		scaffold_914	
CAWUFU020000465.1		scaffold_915	
CAWUFU020000466.1		scaffold_916	
CAWUFU020000467.1		scaffold_917	
CAWUFU020000468.1		scaffold_918	
CAWUFU020000469.1		scaffold_919	
CAWUFU020000470.1		scaffold_920	
CAWUFU020000471.1		scaffold_921	
CAWUFU020000472.1		scaffold_922	
CAWUFU020000473.1		scaffold_923	
CAWUFU020000474.1		scaffold_924	
CAWUFU020000475.1		scaffold_925	
CAWUFU020000476.1		scaffold_927	
CAWUFU020000477.1		scaffold_929	
CAWUFU020000478.1		scaffold_930	
CAWUFU020000479.1		scaffold_931	
CAWUFU020000480.1		scaffold_932	
CAWUFU020000481.1		scaffold_934	
CAWUFU020000482.1		scaffold_935	
CAWUFU020000483.1		scaffold_937	
CAWUFU020000484.1		scaffold_938	
CAWUFU020000485.1		scaffold_939	
CAWUFU020000486.1		scaffold_940	
CAWUFU020000487.1		scaffold_941	
CAWUFU020000488.1		scaffold_942	
CAWUFU020000489.1		scaffold_943	
CAWUFU020000490.1		scaffold_945	
CAWUFU020000491.1		scaffold_946	
CAWUFU020000492.1		scaffold_948	
CAWUFU020000493.1		scaffold_949	
CAWUFU020000494.1		scaffold_950	
CAWUFU020000495.1		scaffold_951	
CAWUFU020000496.1		scaffold_952	
CAWUFU020000497.1		scaffold_953	
CAWUFU020000498.1		scaffold_954	
CAWUFU020000499.1		scaffold_956	
CAWUFU020000500.1		scaffold_957	
CAWUFU020000501.1		scaffold_960	
CAWUFU020000502.1		scaffold_961	
CAWUFU020000503.1		scaffold_964	
CAWUFU020000504.1		scaffold_965	
CAWUFU020000505.1		scaffold_967	
CAWUFU020000506.1		scaffold_968	
CAWUFU020000507.1		scaffold_969	
CAWUFU020000508.1		scaffold_970	
CAWUFU020000509.1		scaffold_972	
CAWUFU020000510.1		scaffold_973	
CAWUFU020000511.1		scaffold_974	
CAWUFU020000512.1		scaffold_976	
CAWUFU020000513.1		scaffold_977	
CAWUFU020000514.1		scaffold_978	
CAWUFU020000515.1		scaffold_980	
CAWUFU020000516.1		scaffold_981	
CAWUFU020000517.1		scaffold_982	
CAWUFU020000518.1		scaffold_983	
CAWUFU020000519.1		scaffold_984	
CAWUFU020000520.1		scaffold_985	
CAWUFU020000521.1		scaffold_986	
CAWUFU020000522.1		scaffold_987	
CAWUFU020000523.1		scaffold_988	
CAWUFU020000524.1		scaffold_991	
CAWUFU020000525.1		scaffold_992	
CAWUFU020000526.1		scaffold_994	
CAWUFU020000527.1		scaffold_995	
CAWUFU020000528.1		scaffold_996	
CAWUFU020000529.1		scaffold_997	
CAWUFU020000530.1		scaffold_998	
CAWUFU020000531.1		scaffold_999	
CAWUFU020000532.1		scaffold_1000	
CAWUFU020000533.1		scaffold_1001	
CAWUFU020000534.1		scaffold_1002	
CAWUFU020000535.1		scaffold_1003	
CAWUFU020000536.1		scaffold_1004	
CAWUFU020000537.1		scaffold_1006	
CAWUFU020000538.1		scaffold_1007	
CAWUFU020000539.1		scaffold_1008	
CAWUFU020000540.1		scaffold_1009	
CAWUFU020000541.1		scaffold_1011	
CAWUFU020000542.1		scaffold_1013	
CAWUFU020000543.1		scaffold_1014	
CAWUFU020000544.1		scaffold_1015	
CAWUFU020000545.1		scaffold_1016	
CAWUFU020000546.1		scaffold_1017	
CAWUFU020000547.1		scaffold_1018	
CAWUFU020000548.1		scaffold_1019	
CAWUFU020000549.1		scaffold_1020	
CAWUFU020000550.1		scaffold_1021	
CAWUFU020000551.1		scaffold_1022	
CAWUFU020000552.1		scaffold_1023	
CAWUFU020000553.1		scaffold_1024	
CAWUFU020000554.1		scaffold_1025	
CAWUFU020000555.1		scaffold_1027	
CAWUFU020000556.1		scaffold_1028	
CAWUFU020000557.1		scaffold_1030	
CAWUFU020000558.1		scaffold_1031	
CAWUFU020000559.1		scaffold_1032	
CAWUFU020000560.1		scaffold_1033	
CAWUFU020000561.1		scaffold_1035	
CAWUFU020000562.1		scaffold_1036	
CAWUFU020000563.1		scaffold_1037	
CAWUFU020000564.1		scaffold_1038	
CAWUFU020000565.1		scaffold_1039	
CAWUFU020000566.1		scaffold_1040	
CAWUFU020000567.1		scaffold_1042	
CAWUFU020000568.1		scaffold_1043	
CAWUFU020000569.1		scaffold_1044	
CAWUFU020000570.1		scaffold_1046	
CAWUFU020000571.1		scaffold_1047	
CAWUFU020000572.1		scaffold_1048	
CAWUFU020000573.1		scaffold_1049	
CAWUFU020000574.1		scaffold_1050	
CAWUFU020000575.1		scaffold_1051	
CAWUFU020000576.1		scaffold_1052	
CAWUFU020000577.1		scaffold_1053	
CAWUFU020000578.1		scaffold_1054	
CAWUFU020000579.1		scaffold_1056	
CAWUFU020000580.1		scaffold_1058	
CAWUFU020000581.1		scaffold_1059	
CAWUFU020000582.1		scaffold_1060	
CAWUFU020000583.1		scaffold_1061	
CAWUFU020000584.1		scaffold_1062	
CAWUFU020000585.1		scaffold_1063	
CAWUFU020000586.1		scaffold_1064	
CAWUFU020000587.1		scaffold_1065	
CAWUFU020000588.1		scaffold_1067	
CAWUFU020000589.1		scaffold_1068	
CAWUFU020000590.1		scaffold_1070	
CAWUFU020000591.1		scaffold_1071	
CAWUFU020000592.1		scaffold_1072	
CAWUFU020000593.1		scaffold_1073	
CAWUFU020000594.1		scaffold_1074	
CAWUFU020000595.1		scaffold_1075	
CAWUFU020000596.1		scaffold_1076	
CAWUFU020000597.1		scaffold_1077	
CAWUFU020000598.1		scaffold_1078	
CAWUFU020000599.1		scaffold_1079	
CAWUFU020000600.1		scaffold_1080	
CAWUFU020000601.1		scaffold_1081	
CAWUFU020000602.1		scaffold_1084	
CAWUFU020000603.1		scaffold_1085	
CAWUFU020000604.1		scaffold_1086	
CAWUFU020000605.1		scaffold_1089	
CAWUFU020000606.1		scaffold_1090	
CAWUFU020000607.1		scaffold_1091	
CAWUFU020000608.1		scaffold_1092	
CAWUFU020000609.1		scaffold_1093	
CAWUFU020000610.1		scaffold_1094	
CAWUFU020000611.1		scaffold_1095	
CAWUFU020000612.1		scaffold_1096	
CAWUFU020000613.1		scaffold_1097	
CAWUFU020000614.1		scaffold_1098	
CAWUFU020000615.1		scaffold_1099	
CAWUFU020000616.1		scaffold_1101	
CAWUFU020000617.1		scaffold_1102	
CAWUFU020000618.1		scaffold_1103	
CAWUFU020000619.1		scaffold_1104	
CAWUFU020000620.1		scaffold_1106	
CAWUFU020000621.1		scaffold_1107	
CAWUFU020000622.1		scaffold_1108	
CAWUFU020000623.1		scaffold_1109	
CAWUFU020000624.1		scaffold_1110	
CAWUFU020000625.1		scaffold_1111	
CAWUFU020000626.1		scaffold_1113	
CAWUFU020000627.1		scaffold_1114	
CAWUFU020000628.1		scaffold_1115	
CAWUFU020000629.1		scaffold_1116	
CAWUFU020000630.1		scaffold_1117	
CAWUFU020000631.1		scaffold_1118	
CAWUFU020000632.1		scaffold_1119	
CAWUFU020000633.1		scaffold_1120	
CAWUFU020000634.1		scaffold_1122	
CAWUFU020000635.1		scaffold_1124	
CAWUFU020000636.1		scaffold_1126	
CAWUFU020000637.1		scaffold_1127	
CAWUFU020000638.1		scaffold_1128	
CAWUFU020000639.1		scaffold_1129	
CAWUFU020000640.1		scaffold_1130	
CAWUFU020000641.1		scaffold_1131	
CAWUFU020000642.1		scaffold_1132	
CAWUFU020000643.1		scaffold_1133	
CAWUFU020000644.1		scaffold_1134	
CAWUFU020000645.1		scaffold_1135	
CAWUFU020000646.1		scaffold_1136	
CAWUFU020000647.1		scaffold_1137	
CAWUFU020000648.1		scaffold_1138	
CAWUFU020000649.1		scaffold_1139	
CAWUFU020000650.1		scaffold_1140	
CAWUFU020000651.1		scaffold_1141	
CAWUFU020000652.1		scaffold_1142	
CAWUFU020000653.1		scaffold_1143	
CAWUFU020000654.1		scaffold_1144	
CAWUFU020000655.1		scaffold_1145	
CAWUFU020000656.1		scaffold_1146	
CAWUFU020000657.1		scaffold_1147	
CAWUFU020000658.1		scaffold_1148	
CAWUFU020000659.1		scaffold_1149	
CAWUFU020000660.1		scaffold_1150	
CAWUFU020000661.1		scaffold_1151	
CAWUFU020000662.1		scaffold_1152	
CAWUFU020000663.1		scaffold_1153	
CAWUFU020000664.1		scaffold_1154	
CAWUFU020000665.1		scaffold_1155	
CAWUFU020000666.1		scaffold_1156	
CAWUFU020000667.1		scaffold_1157	
CAWUFU020000668.1		scaffold_1158	
CAWUFU020000669.1		scaffold_1159	
CAWUFU020000670.1		scaffold_1160	
CAWUFU020000671.1		scaffold_1161	
CAWUFU020000672.1		scaffold_1162	
CAWUFU020000673.1		scaffold_1163	
CAWUFU020000674.1		scaffold_1164	
CAWUFU020000675.1		scaffold_1165	
CAWUFU020000676.1		scaffold_1166	
CAWUFU020000677.1		scaffold_1167	
CAWUFU020000678.1		scaffold_1168	
CAWUFU020000679.1		scaffold_1169	
CAWUFU020000680.1		scaffold_1170	
CAWUFU020000681.1		scaffold_1171	
CAWUFU020000682.1		scaffold_1172	
CAWUFU020000683.1		scaffold_1173	
CAWUFU020000684.1		scaffold_1174	
CAWUFU020000685.1		scaffold_1176	
CAWUFU020000686.1		scaffold_1177	
CAWUFU020000687.1		scaffold_1179	
CAWUFU020000688.1		scaffold_1180	
CAWUFU020000689.1		scaffold_1181	
CAWUFU020000690.1		scaffold_1182	
CAWUFU020000691.1		scaffold_1183	
CAWUFU020000692.1		scaffold_1184	
CAWUFU020000693.1		scaffold_1185	
CAWUFU020000694.1		scaffold_1186	
CAWUFU020000695.1		scaffold_1187	
CAWUFU020000696.1		scaffold_1188	
CAWUFU020000697.1		scaffold_1189	
CAWUFU020000698.1		scaffold_1190	
CAWUFU020000699.1		scaffold_1191	
CAWUFU020000700.1		scaffold_1192	
CAWUFU020000701.1		scaffold_1193	
CAWUFU020000702.1		scaffold_1194	
CAWUFU020000703.1		scaffold_1195	
CAWUFU020000704.1		scaffold_1196	
CAWUFU020000705.1		scaffold_1197	
CAWUFU020000706.1		scaffold_1198	
CAWUFU020000707.1		scaffold_1199	
CAWUFU020000708.1		scaffold_1200	
CAWUFU020000709.1		scaffold_1201	
CAWUFU020000710.1		scaffold_1202	
CAWUFU020000711.1		scaffold_1203	
CAWUFU020000712.1		scaffold_1204	
CAWUFU020000713.1		scaffold_1205	
CAWUFU020000714.1		scaffold_1207	
CAWUFU020000715.1		scaffold_1209	
CAWUFU020000716.1		scaffold_1210	
CAWUFU020000717.1		scaffold_1211	
CAWUFU020000718.1		scaffold_1212	
CAWUFU020000719.1		scaffold_1213	
CAWUFU020000720.1		scaffold_1214	
CAWUFU020000721.1		scaffold_1215	
CAWUFU020000722.1		scaffold_1216	
CAWUFU020000723.1		scaffold_1217	
CAWUFU020000724.1		scaffold_1218	
CAWUFU020000725.1		scaffold_1219	
CAWUFU020000726.1		scaffold_1220	
CAWUFU020000727.1		scaffold_1221	
CAWUFU020000728.1		scaffold_1222	
CAWUFU020000729.1		scaffold_1223	
CAWUFU020000730.1		scaffold_1224	
CAWUFU020000731.1		scaffold_1225	
CAWUFU020000732.1		scaffold_1226	
CAWUFU020000733.1		scaffold_1228	
CAWUFU020000734.1		scaffold_1229	
CAWUFU020000735.1		scaffold_1230	
CAWUFU020000736.1		scaffold_1231	
CAWUFU020000737.1		scaffold_1232	
CAWUFU020000738.1		scaffold_1233	
CAWUFU020000739.1		scaffold_1234	
CAWUFU020000740.1		scaffold_1235	
CAWUFU020000741.1		scaffold_1236	
CAWUFU020000742.1		scaffold_1237	
CAWUFU020000743.1		scaffold_1238	
CAWUFU020000744.1		scaffold_1240	
CAWUFU020000745.1		scaffold_1241	
CAWUFU020000746.1		scaffold_1242	
CAWUFU020000747.1		scaffold_1243	
CAWUFU020000748.1		scaffold_1244	
CAWUFU020000749.1		scaffold_1245	
CAWUFU020000750.1		scaffold_1246	
CAWUFU020000751.1		scaffold_1247	
CAWUFU020000752.1		scaffold_1248	
CAWUFU020000753.1		scaffold_1249	
CAWUFU020000754.1		scaffold_1250	
CAWUFU020000755.1		scaffold_1251	
CAWUFU020000756.1		scaffold_1252	
CAWUFU020000757.1		scaffold_1253	
CAWUFU020000758.1		scaffold_1254	
CAWUFU020000759.1		scaffold_1255	
CAWUFU020000760.1		scaffold_1256	
CAWUFU020000761.1		scaffold_1257	
CAWUFU020000762.1		scaffold_1259	
CAWUFU020000763.1		scaffold_1260	
CAWUFU020000764.1		scaffold_1261	
CAWUFU020000765.1		scaffold_1262	
CAWUFU020000766.1		scaffold_1263	
CAWUFU020000767.1		scaffold_1264	
CAWUFU020000768.1		scaffold_1265	
CAWUFU020000769.1		scaffold_1266	
CAWUFU020000770.1		scaffold_1267	
CAWUFU020000771.1		scaffold_1269	
CAWUFU020000772.1		scaffold_1270	
CAWUFU020000773.1		scaffold_1272	
CAWUFU020000774.1		scaffold_1273	
CAWUFU020000775.1		scaffold_1274	
CAWUFU020000776.1		scaffold_1275	
CAWUFU020000777.1		scaffold_1277	
CAWUFU020000778.1		scaffold_1278	
CAWUFU020000779.1		scaffold_1279	
CAWUFU020000780.1		scaffold_1280	
CAWUFU020000781.1		scaffold_1281	
CAWUFU020000782.1		scaffold_1282	
CAWUFU020000783.1		scaffold_1283	
CAWUFU020000784.1		scaffold_1284	
CAWUFU020000785.1		scaffold_1285	
CAWUFU020000786.1		scaffold_1286	
CAWUFU020000787.1		scaffold_1287	
CAWUFU020000788.1		scaffold_1288	
CAWUFU020000789.1		scaffold_1289	
CAWUFU020000790.1		scaffold_1291	
CAWUFU020000791.1		scaffold_1292	
CAWUFU020000792.1		scaffold_1293	
CAWUFU020000793.1		scaffold_1294	
CAWUFU020000794.1		scaffold_1295	
CAWUFU020000795.1		scaffold_1296	
CAWUFU020000796.1		scaffold_1297	
CAWUFU020000797.1		scaffold_1298	
CAWUFU020000798.1		scaffold_1299	
CAWUFU020000799.1		scaffold_1300	
CAWUFU020000800.1		scaffold_1301	
CAWUFU020000801.1		scaffold_1302	
CAWUFU020000802.1		scaffold_1303	
CAWUFU020000803.1		scaffold_1304	
CAWUFU020000804.1		scaffold_1305	
CAWUFU020000805.1		scaffold_1307	
CAWUFU020000806.1		scaffold_1308	
CAWUFU020000807.1		scaffold_1309	
CAWUFU020000808.1		scaffold_1310	
CAWUFU020000809.1		scaffold_1312	
CAWUFU020000810.1		scaffold_1313	
CAWUFU020000811.1		scaffold_1314	
CAWUFU020000812.1		scaffold_1315	
CAWUFU020000813.1		scaffold_1316	
CAWUFU020000814.1		scaffold_1318	
CAWUFU020000815.1		scaffold_1319	
CAWUFU020000816.1		scaffold_1320	
CAWUFU020000817.1		scaffold_1321	
CAWUFU020000818.1		scaffold_1322	
CAWUFU020000819.1		scaffold_1323	
CAWUFU020000820.1		scaffold_1324	
CAWUFU020000821.1		scaffold_1325	
CAWUFU020000822.1		scaffold_1326	
CAWUFU020000823.1		scaffold_1327	
CAWUFU020000824.1		scaffold_1328	
CAWUFU020000825.1		scaffold_1329	
CAWUFU020000826.1		scaffold_1330	
CAWUFU020000827.1		scaffold_1332	
CAWUFU020000828.1		scaffold_1333	
CAWUFU020000829.1		scaffold_1334	
CAWUFU020000830.1		scaffold_1335	
CAWUFU020000831.1		scaffold_1336	
CAWUFU020000832.1		scaffold_1337	
CAWUFU020000833.1		scaffold_1338	
CAWUFU020000834.1		scaffold_1339	
CAWUFU020000835.1		scaffold_1340	
CAWUFU020000836.1		scaffold_1341	
CAWUFU020000837.1		scaffold_1342	
CAWUFU020000838.1		scaffold_1343	
CAWUFU020000839.1		scaffold_1344	
CAWUFU020000840.1		scaffold_1345	
CAWUFU020000841.1		scaffold_1346	
CAWUFU020000842.1		scaffold_1348	
CAWUFU020000843.1		scaffold_1349	
CAWUFU020000844.1		scaffold_1350	
CAWUFU020000845.1		scaffold_1352	
CAWUFU020000846.1		scaffold_1353	
CAWUFU020000847.1		scaffold_1354	
CAWUFU020000848.1		scaffold_1355	
CAWUFU020000849.1		scaffold_1356	
CAWUFU020000850.1		scaffold_1357	
CAWUFU020000851.1		scaffold_1358	
CAWUFU020000852.1		scaffold_1359	
CAWUFU020000853.1		scaffold_1360	
CAWUFU020000854.1		scaffold_1361	
CAWUFU020000855.1		scaffold_1362	
CAWUFU020000856.1		scaffold_1364	
CAWUFU020000857.1		scaffold_1365	
CAWUFU020000858.1		scaffold_1366	
CAWUFU020000859.1		scaffold_1367	
CAWUFU020000860.1		scaffold_1368	
CAWUFU020000861.1		scaffold_1369	
CAWUFU020000862.1		scaffold_1371	
CAWUFU020000863.1		scaffold_1375	
CAWUFU020000864.1		scaffold_1377	
CAWUFU020000865.1		scaffold_1378	
CAWUFU020000866.1		scaffold_1379	
CAWUFU020000867.1		scaffold_1381	
CAWUFU020000868.1		scaffold_1382	
CAWUFU020000869.1		scaffold_1383	
CAWUFU020000870.1		scaffold_1384	
CAWUFU020000871.1		scaffold_1385	
CAWUFU020000872.1		scaffold_1386	
CAWUFU020000873.1		scaffold_1388	
CAWUFU020000874.1		scaffold_1389	
CAWUFU020000875.1		scaffold_1390	
CAWUFU020000876.1		scaffold_1391	
CAWUFU020000877.1		scaffold_1394	
CAWUFU020000878.1		scaffold_1395	
CAWUFU020000879.1		scaffold_1397	
CAWUFU020000880.1		scaffold_1398	
CAWUFU020000881.1		scaffold_1399	
CAWUFU020000882.1		scaffold_1400	
CAWUFU020000883.1		scaffold_1401	
CAWUFU020000884.1		scaffold_1402	
CAWUFU020000885.1		scaffold_1403	
CAWUFU020000886.1		scaffold_1404	
CAWUFU020000887.1		scaffold_1405	
CAWUFU020000888.1		scaffold_1406	
CAWUFU020000889.1		scaffold_1407	
CAWUFU020000890.1		scaffold_1408	
CAWUFU020000891.1		scaffold_1409	
CAWUFU020000892.1		scaffold_1410	
CAWUFU020000893.1		scaffold_1411	
CAWUFU020000894.1		scaffold_1412	
CAWUFU020000895.1		scaffold_1413	
CAWUFU020000896.1		scaffold_1414	
CAWUFU020000897.1		scaffold_1415	
CAWUFU020000898.1		scaffold_1416	
CAWUFU020000899.1		scaffold_1417	
CAWUFU020000900.1		scaffold_1418	
CAWUFU020000901.1		scaffold_1419	
CAWUFU020000902.1		scaffold_1420	
CAWUFU020000903.1		scaffold_1421	
CAWUFU020000904.1		scaffold_1422	
CAWUFU020000905.1		scaffold_1423	
CAWUFU020000906.1		scaffold_1424	
CAWUFU020000907.1		scaffold_1425	
CAWUFU020000908.1		scaffold_1426	
CAWUFU020000909.1		scaffold_1427	
CAWUFU020000910.1		scaffold_1428	
CAWUFU020000911.1		scaffold_1429	
CAWUFU020000912.1		scaffold_1430	
CAWUFU020000913.1		scaffold_1431	
CAWUFU020000914.1		scaffold_1432	
CAWUFU020000915.1		scaffold_1433	
CAWUFU020000916.1		scaffold_1434	
CAWUFU020000917.1		scaffold_1435	
CAWUFU020000918.1		scaffold_1436	
CAWUFU020000919.1		scaffold_1437	
CAWUFU020000920.1		scaffold_1438	
CAWUFU020000921.1		scaffold_1439	
CAWUFU020000922.1		scaffold_1440	
CAWUFU020000923.1		scaffold_1441	
CAWUFU020000924.1		scaffold_1442	
CAWUFU020000925.1		scaffold_1443	
CAWUFU020000926.1		scaffold_1444	
CAWUFU020000927.1		scaffold_1445	
CAWUFU020000928.1		scaffold_1446	
CAWUFU020000929.1		scaffold_1447	
CAWUFU020000930.1		scaffold_1448	
CAWUFU020000931.1		scaffold_1449	
CAWUFU020000932.1		scaffold_1450	
CAWUFU020000933.1		scaffold_1451	
CAWUFU020000934.1		scaffold_1452	
CAWUFU020000935.1		scaffold_1453	
CAWUFU020000936.1		scaffold_1454	
CAWUFU020000937.1		scaffold_1455	
CAWUFU020000938.1		scaffold_1456	
CAWUFU020000939.1		scaffold_1457	
CAWUFU020000940.1		scaffold_1458	
CAWUFU020000941.1		scaffold_1459	
CAWUFU020000942.1		scaffold_1461	
CAWUFU020000943.1		scaffold_1462	
CAWUFU020000944.1		scaffold_1463	
CAWUFU020000945.1		scaffold_1464	
CAWUFU020000946.1		scaffold_1465	
CAWUFU020000947.1		scaffold_1466	
CAWUFU020000948.1		scaffold_1467	
CAWUFU020000949.1		scaffold_1468	
CAWUFU020000950.1		scaffold_1469	
CAWUFU020000951.1		scaffold_1470	
CAWUFU020000952.1		scaffold_1472	
CAWUFU020000953.1		scaffold_1473	
CAWUFU020000954.1		scaffold_1474	
CAWUFU020000955.1		scaffold_1475	
CAWUFU020000956.1		scaffold_1476	
CAWUFU020000957.1		scaffold_1477	
CAWUFU020000958.1		scaffold_1478	
CAWUFU020000959.1		scaffold_1479	
CAWUFU020000960.1		scaffold_1481	
CAWUFU020000961.1		scaffold_1483	
CAWUFU020000962.1		scaffold_1484	
CAWUFU020000963.1		scaffold_1485	
CAWUFU020000964.1		scaffold_1486	
CAWUFU020000965.1		scaffold_1487	
CAWUFU020000966.1		scaffold_1488	
CAWUFU020000967.1		scaffold_1489	
CAWUFU020000968.1		scaffold_1490	
CAWUFU020000969.1		scaffold_1491	
CAWUFU020000970.1		scaffold_1492	
CAWUFU020000971.1		scaffold_1493	
CAWUFU020000972.1		scaffold_1494	
CAWUFU020000973.1		scaffold_1495	
CAWUFU020000974.1		scaffold_1496	
CAWUFU020000975.1		scaffold_1497	
CAWUFU020000976.1		scaffold_1498	
CAWUFU020000977.1		scaffold_1499	
CAWUFU020000978.1		scaffold_1500	
CAWUFU020000979.1		scaffold_1501	
CAWUFU020000980.1		scaffold_1502	
CAWUFU020000981.1		scaffold_1503	
CAWUFU020000982.1		scaffold_1504	
CAWUFU020000983.1		scaffold_1505	
CAWUFU020000984.1		scaffold_1506	
CAWUFU020000985.1		scaffold_1507	
CAWUFU020000986.1		scaffold_1508	
CAWUFU020000987.1		scaffold_1509	
CAWUFU020000988.1		scaffold_1511	
CAWUFU020000989.1		scaffold_1513	
CAWUFU020000990.1		scaffold_1514	
CAWUFU020000991.1		scaffold_1515	
CAWUFU020000992.1		scaffold_1516	
CAWUFU020000993.1		scaffold_1517	
CAWUFU020000994.1		scaffold_1518	
CAWUFU020000995.1		scaffold_1519	
CAWUFU020000996.1		scaffold_1520	
CAWUFU020000997.1		scaffold_1521	
CAWUFU020000998.1		scaffold_1522	
CAWUFU020000999.1		scaffold_1523	
CAWUFU020001000.1		scaffold_1524	
CAWUFU020001001.1		scaffold_1525	
CAWUFU020001002.1		scaffold_1526	
CAWUFU020001003.1		scaffold_1527	
CAWUFU020001004.1		scaffold_1528	
CAWUFU020001005.1		scaffold_1529	
CAWUFU020001006.1		scaffold_1530	
CAWUFU020001007.1		scaffold_1531	
CAWUFU020001008.1		scaffold_1533	
CAWUFU020001009.1		scaffold_1534	
CAWUFU020001010.1		scaffold_1535	
CAWUFU020001011.1		scaffold_1536	
CAWUFU020001012.1		scaffold_1537	
CAWUFU020001013.1		scaffold_1538	
CAWUFU020001014.1		scaffold_1540	
CAWUFU020001015.1		scaffold_1541	
CAWUFU020001016.1		scaffold_1542	
CAWUFU020001017.1		scaffold_1543	
CAWUFU020001018.1		scaffold_1544	
CAWUFU020001019.1		scaffold_1545	
CAWUFU020001020.1		scaffold_1546	
CAWUFU020001021.1		scaffold_1549	
CAWUFU020001022.1		scaffold_1550	
CAWUFU020001023.1		scaffold_1551	
CAWUFU020001024.1		scaffold_1552	
CAWUFU020001025.1		scaffold_1553	
CAWUFU020001026.1		scaffold_1555	
CAWUFU020001027.1		scaffold_1556	
CAWUFU020001028.1		scaffold_1557	
CAWUFU020001029.1		scaffold_1558	
CAWUFU020001030.1		scaffold_1559	
CAWUFU020001031.1		scaffold_1560	
CAWUFU020001032.1		scaffold_1561	
CAWUFU020001033.1		scaffold_1562	
CAWUFU020001034.1		scaffold_1563	
CAWUFU020001035.1		scaffold_1564	
CAWUFU020001036.1		scaffold_1565	
CAWUFU020001037.1		scaffold_1566	
CAWUFU020001038.1		scaffold_1567	
CAWUFU020001039.1		scaffold_1568	
CAWUFU020001040.1		scaffold_1570	
CAWUFU020001041.1		scaffold_1571	
CAWUFU020001042.1		scaffold_1572	
CAWUFU020001043.1		scaffold_1573	
CAWUFU020001044.1		scaffold_1574	
CAWUFU020001045.1		scaffold_1576	
CAWUFU020001046.1		scaffold_1577	
CAWUFU020001047.1		scaffold_1578	
CAWUFU020001048.1		scaffold_1579	
CAWUFU020001049.1		scaffold_1581	
CAWUFU020001050.1		scaffold_1583	
CAWUFU020001051.1		scaffold_1584	
CAWUFU020001052.1		scaffold_1585	
CAWUFU020001053.1		scaffold_1586	
CAWUFU020001054.1		scaffold_1587	
CAWUFU020001055.1		scaffold_1588	
CAWUFU020001056.1		scaffold_1589	
CAWUFU020001057.1		scaffold_1590	
CAWUFU020001058.1		scaffold_1591	
CAWUFU020001059.1		scaffold_1592	
CAWUFU020001060.1		scaffold_1593	
CAWUFU020001061.1		scaffold_1594	
CAWUFU020001062.1		scaffold_1595	
CAWUFU020001063.1		scaffold_1596	
CAWUFU020001064.1		scaffold_1598	
CAWUFU020001065.1		scaffold_1599	
CAWUFU020001066.1		scaffold_1600	
CAWUFU020001067.1		scaffold_1601	
CAWUFU020001068.1		scaffold_1602	
CAWUFU020001069.1		scaffold_1603	
CAWUFU020001070.1		scaffold_1604	
CAWUFU020001071.1		scaffold_1605	
CAWUFU020001072.1		scaffold_1606	
CAWUFU020001073.1		scaffold_1607	
CAWUFU020001074.1		scaffold_1608	
CAWUFU020001075.1		scaffold_1609	
CAWUFU020001076.1		scaffold_1610	
CAWUFU020001077.1		scaffold_1611	
CAWUFU020001078.1		scaffold_1612	
CAWUFU020001079.1		scaffold_1613	
CAWUFU020001080.1		scaffold_1614	
CAWUFU020001081.1		scaffold_1615	
CAWUFU020001082.1		scaffold_1616	
CAWUFU020001083.1		scaffold_1617	
CAWUFU020001084.1		scaffold_1618	
CAWUFU020001085.1		scaffold_1619	
CAWUFU020001086.1		scaffold_1620	
CAWUFU020001087.1		scaffold_1621	
CAWUFU020001088.1		scaffold_1623	
CAWUFU020001089.1		scaffold_1624	
CAWUFU020001090.1		scaffold_1625	
CAWUFU020001091.1		scaffold_1626	
CAWUFU020001092.1		scaffold_1627	
CAWUFU020001093.1		scaffold_1628	
CAWUFU020001094.1		scaffold_1629	
CAWUFU020001095.1		scaffold_1630	
CAWUFU020001096.1		scaffold_1631	
CAWUFU020001097.1		scaffold_1632	
CAWUFU020001098.1		scaffold_1633	
CAWUFU020001099.1		scaffold_1634	
CAWUFU020001100.1		scaffold_1635	
CAWUFU020001101.1		scaffold_1636	
CAWUFU020001102.1		scaffold_1637	
CAWUFU020001103.1		scaffold_1638	
CAWUFU020001104.1		scaffold_1639	
CAWUFU020001105.1		scaffold_1640	
CAWUFU020001106.1		scaffold_1641	
CAWUFU020001107.1		scaffold_1642	
CAWUFU020001108.1		scaffold_1643	
CAWUFU020001109.1		scaffold_1644	
CAWUFU020001110.1		scaffold_1645	
CAWUFU020001111.1		scaffold_1646	
CAWUFU020001112.1		scaffold_1647	
CAWUFU020001113.1		scaffold_1648	
CAWUFU020001114.1		scaffold_1649	
CAWUFU020001115.1		scaffold_1650	
CAWUFU020001116.1		scaffold_1651	
CAWUFU020001117.1		scaffold_1652	
CAWUFU020001118.1		scaffold_1653	
CAWUFU020001119.1		scaffold_1654	
CAWUFU020001120.1		scaffold_1655	
CAWUFU020001121.1		scaffold_1656	
CAWUFU020001122.1		scaffold_1657	
CAWUFU020001123.1		scaffold_1658	
CAWUFU020001124.1		scaffold_1659	
CAWUFU020001125.1		scaffold_1660	
CAWUFU020001126.1		scaffold_1661	
CAWUFU020001127.1		scaffold_1662	
CAWUFU020001128.1		scaffold_1663	
CAWUFU020001129.1		scaffold_1664	
CAWUFU020001130.1		scaffold_1665	
CAWUFU020001131.1		scaffold_1666	
CAWUFU020001132.1		scaffold_1667	
CAWUFU020001133.1		scaffold_1668	
CAWUFU020001134.1		scaffold_1669	
CAWUFU020001135.1		scaffold_1670	
CAWUFU020001136.1		scaffold_1671	
CAWUFU020001137.1		scaffold_1672	
CAWUFU020001138.1		scaffold_1673	
CAWUFU020001139.1		scaffold_1674	
CAWUFU020001140.1		scaffold_1675	
CAWUFU020001141.1		scaffold_1676	
CAWUFU020001142.1		scaffold_1677	
CAWUFU020001143.1		scaffold_1679	
CAWUFU020001144.1		scaffold_1680	
CAWUFU020001145.1		scaffold_1681	
CAWUFU020001146.1		scaffold_1682	
CAWUFU020001147.1		scaffold_1683	
CAWUFU020001148.1		scaffold_1684	
CAWUFU020001149.1		scaffold_1685	
CAWUFU020001150.1		scaffold_1686	
CAWUFU020001151.1		scaffold_1687	
CAWUFU020001152.1		scaffold_1688	
CAWUFU020001153.1		scaffold_1689	
CAWUFU020001154.1		scaffold_1690	
CAWUFU020001155.1		scaffold_1691	
CAWUFU020001156.1		scaffold_1692	
CAWUFU020001157.1		scaffold_1693	
CAWUFU020001158.1		scaffold_1694	
CAWUFU020001159.1		scaffold_1695	
CAWUFU020001160.1		scaffold_1696	
CAWUFU020001161.1		scaffold_1697	
CAWUFU020001162.1		scaffold_1698	
CAWUFU020001163.1		scaffold_1700	
CAWUFU020001164.1		scaffold_1701	
CAWUFU020001165.1		scaffold_1702	
CAWUFU020001166.1		scaffold_1704	
CAWUFU020001167.1		scaffold_1705	
CAWUFU020001168.1		scaffold_1706	
CAWUFU020001169.1		scaffold_1707	
CAWUFU020001170.1		scaffold_1708	
CAWUFU020001171.1		scaffold_1710	
CAWUFU020001172.1		scaffold_1711	
CAWUFU020001173.1		scaffold_1712	
CAWUFU020001174.1		scaffold_1713	
CAWUFU020001175.1		scaffold_1714	
CAWUFU020001176.1		scaffold_1715	
CAWUFU020001177.1		scaffold_1716	
CAWUFU020001178.1		scaffold_1717	
CAWUFU020001179.1		scaffold_1718	
CAWUFU020001180.1		scaffold_1719	
CAWUFU020001181.1		scaffold_1720	
CAWUFU020001182.1		scaffold_1721	
CAWUFU020001183.1		scaffold_1722	
CAWUFU020001184.1		scaffold_1723	
CAWUFU020001185.1		scaffold_1724	
CAWUFU020001186.1		scaffold_1725	
CAWUFU020001187.1		scaffold_1726	
CAWUFU020001188.1		scaffold_1727	
CAWUFU020001189.1		scaffold_1728	
CAWUFU020001190.1		scaffold_1729	
CAWUFU020001191.1		scaffold_1730	
CAWUFU020001192.1		scaffold_1731	
CAWUFU020001193.1		scaffold_1732	
CAWUFU020001194.1		scaffold_1733	
CAWUFU020001195.1		scaffold_1734	
CAWUFU020001196.1		scaffold_1735	
CAWUFU020001197.1		scaffold_1736	
CAWUFU020001198.1		scaffold_1737	
CAWUFU020001199.1		scaffold_1739	
CAWUFU020001200.1		scaffold_1740	
CAWUFU020001201.1		scaffold_1741	
CAWUFU020001202.1		scaffold_1742	
CAWUFU020001203.1		scaffold_1743	
CAWUFU020001204.1		scaffold_1744	
CAWUFU020001205.1		scaffold_1745	
CAWUFU020001206.1		scaffold_1746	
CAWUFU020001207.1		scaffold_1747	
CAWUFU020001208.1		scaffold_1748	
CAWUFU020001209.1		scaffold_1749	
CAWUFU020001210.1		scaffold_1750	
CAWUFU020001211.1		scaffold_1751	
CAWUFU020001212.1		scaffold_1753	
CAWUFU020001213.1		scaffold_1754	
CAWUFU020001214.1		scaffold_1755	
CAWUFU020001215.1		scaffold_1756	
CAWUFU020001216.1		scaffold_1757	
CAWUFU020001217.1		scaffold_1758	
CAWUFU020001218.1		scaffold_1759	
CAWUFU020001219.1		scaffold_1760	
CAWUFU020001220.1		scaffold_1761	
CAWUFU020001221.1		scaffold_1762	
CAWUFU020001222.1		scaffold_1763	
CAWUFU020001223.1		scaffold_1764	
CAWUFU020001224.1		scaffold_1765	
CAWUFU020001225.1		scaffold_1768	
CAWUFU020001226.1		scaffold_1769	
CAWUFU020001227.1		scaffold_1770	
CAWUFU020001228.1		scaffold_1771	
CAWUFU020001229.1		scaffold_1772	
CAWUFU020001230.1		scaffold_1773	
CAWUFU020001231.1		scaffold_1774	
CAWUFU020001232.1		scaffold_1775	
CAWUFU020001233.1		scaffold_1776	
CAWUFU020001234.1		scaffold_1777	
CAWUFU020001235.1		scaffold_1778	
CAWUFU020001236.1		scaffold_1779	
CAWUFU020001237.1		scaffold_1780	
CAWUFU020001238.1		scaffold_1781	
CAWUFU020001239.1		scaffold_1782	
CAWUFU020001240.1		scaffold_1783	
CAWUFU020001241.1		scaffold_1784	
CAWUFU020001242.1		scaffold_1785	
CAWUFU020001243.1		scaffold_1786	
CAWUFU020001244.1		scaffold_1787	
CAWUFU020001245.1		scaffold_1788	
CAWUFU020001246.1		scaffold_1790	
CAWUFU020001247.1		scaffold_1791	
CAWUFU020001248.1		scaffold_1792	
CAWUFU020001249.1		scaffold_1794	
CAWUFU020001250.1		scaffold_1795	
CAWUFU020001251.1		scaffold_1796	
CAWUFU020001252.1		scaffold_1797	
CAWUFU020001253.1		scaffold_1798	
CAWUFU020001254.1		scaffold_1799	
CAWUFU020001255.1		scaffold_1800	
CAWUFU020001256.1		scaffold_1801	
CAWUFU020001257.1		scaffold_1802	
CAWUFU020001258.1		scaffold_1803	
CAWUFU020001259.1		scaffold_1804	
CAWUFU020001260.1		scaffold_1805	
CAWUFU020001261.1		scaffold_1806	
CAWUFU020001262.1		scaffold_1807	
CAWUFU020001263.1		scaffold_1808	
CAWUFU020001264.1		scaffold_1809	
CAWUFU020001265.1		scaffold_1810	
CAWUFU020001266.1		scaffold_1811	
CAWUFU020001267.1		scaffold_1813	
CAWUFU020001268.1		scaffold_1814	
CAWUFU020001269.1		scaffold_1815	
CAWUFU020001270.1		scaffold_1816	
CAWUFU020001271.1		scaffold_1817	
CAWUFU020001272.1		scaffold_1818	
CAWUFU020001273.1		scaffold_1819	
CAWUFU020001274.1		scaffold_1820	
CAWUFU020001275.1		scaffold_1821	
CAWUFU020001276.1		scaffold_1822	
CAWUFU020001277.1		scaffold_1823	
CAWUFU020001278.1		scaffold_1824	
CAWUFU020001279.1		scaffold_1825	
CAWUFU020001280.1		scaffold_1826	
CAWUFU020001281.1		scaffold_1827	
CAWUFU020001282.1		scaffold_1828	
CAWUFU020001283.1		scaffold_1829	
CAWUFU020001284.1		scaffold_1830	
CAWUFU020001285.1		scaffold_1831	
CAWUFU020001286.1		scaffold_1833	
CAWUFU020001287.1		scaffold_1834	
CAWUFU020001288.1		scaffold_1835	
CAWUFU020001289.1		scaffold_1836	
CAWUFU020001290.1		scaffold_1838	
CAWUFU020001291.1		scaffold_1839	
CAWUFU020001292.1		scaffold_1840	
CAWUFU020001293.1		scaffold_1841	
CAWUFU020001294.1		scaffold_1842	
CAWUFU020001295.1		scaffold_1843	
CAWUFU020001296.1		scaffold_1844	
CAWUFU020001297.1		scaffold_1846	
CAWUFU020001298.1		scaffold_1847	
CAWUFU020001299.1		scaffold_1848	
CAWUFU020001300.1		scaffold_1849	
CAWUFU020001301.1		scaffold_1850	
CAWUFU020001302.1		scaffold_1851	
CAWUFU020001303.1		scaffold_1852	
CAWUFU020001304.1		scaffold_1853	
CAWUFU020001305.1		scaffold_1854	
CAWUFU020001306.1		scaffold_1855	
CAWUFU020001307.1		scaffold_1856	
CAWUFU020001308.1		scaffold_1857	
CAWUFU020001309.1		scaffold_1858	
CAWUFU020001310.1		scaffold_1859	
CAWUFU020001311.1		scaffold_1860	
CAWUFU020001312.1		scaffold_1861	
CAWUFU020001313.1		scaffold_1862	
CAWUFU020001314.1		scaffold_1863	
CAWUFU020001315.1		scaffold_1864	
CAWUFU020001316.1		scaffold_1865	
CAWUFU020001317.1		scaffold_1866	
CAWUFU020001318.1		scaffold_1868	
CAWUFU020001319.1		scaffold_1869	
CAWUFU020001320.1		scaffold_1870	
CAWUFU020001321.1		scaffold_1871	
CAWUFU020001322.1		scaffold_1872	
CAWUFU020001323.1		scaffold_1873	
CAWUFU020001324.1		scaffold_1874	
CAWUFU020001325.1		scaffold_1875	
CAWUFU020001326.1		scaffold_1876	
CAWUFU020001327.1		scaffold_1877	
CAWUFU020001328.1		scaffold_1878	
CAWUFU020001329.1		scaffold_1879	
CAWUFU020001330.1		scaffold_1880	
CAWUFU020001331.1		scaffold_1881	
CAWUFU020001332.1		scaffold_1882	
CAWUFU020001333.1		scaffold_1883	
CAWUFU020001334.1		scaffold_1884	
CAWUFU020001335.1		scaffold_1885	
CAWUFU020001336.1		scaffold_1886	
CAWUFU020001337.1		scaffold_1888	
CAWUFU020001338.1		scaffold_1889	
CAWUFU020001339.1		scaffold_1892	
CAWUFU020001340.1		scaffold_1893	
CAWUFU020001341.1		scaffold_1894	
CAWUFU020001342.1		scaffold_1896	
CAWUFU020001343.1		scaffold_1897	
CAWUFU020001344.1		scaffold_1898	
CAWUFU020001345.1		scaffold_1900	
CAWUFU020001346.1		scaffold_1901	
CAWUFU020001347.1		scaffold_1902	
CAWUFU020001348.1		scaffold_1903	
CAWUFU020001349.1		scaffold_1904	
CAWUFU020001350.1		scaffold_1905	
CAWUFU020001351.1		scaffold_1906	
CAWUFU020001352.1		scaffold_1907	
CAWUFU020001353.1		scaffold_1908	
CAWUFU020001354.1		scaffold_1909	
CAWUFU020001355.1		scaffold_1910	
CAWUFU020001356.1		scaffold_1911	
CAWUFU020001357.1		scaffold_1912	
CAWUFU020001358.1		scaffold_1913	
CAWUFU020001359.1		scaffold_1914	
CAWUFU020001360.1		scaffold_1915	
CAWUFU020001361.1		scaffold_1916	
CAWUFU020001362.1		scaffold_1917	
CAWUFU020001363.1		scaffold_1918	
CAWUFU020001364.1		scaffold_1919	
CAWUFU020001365.1		scaffold_1920	
CAWUFU020001366.1		scaffold_1921	
CAWUFU020001367.1		scaffold_1922	
CAWUFU020001368.1		scaffold_1923	
CAWUFU020001369.1		scaffold_1924	
CAWUFU020001370.1		scaffold_1925	
CAWUFU020001371.1		scaffold_1926	
CAWUFU020001372.1		scaffold_1927	
CAWUFU020001373.1		scaffold_1928	
CAWUFU020001374.1		scaffold_1929	
CAWUFU020001375.1		scaffold_1930	
CAWUFU020001376.1		scaffold_1931	
CAWUFU020001377.1		scaffold_1932	
CAWUFU020001378.1		scaffold_1933	
CAWUFU020001379.1		scaffold_1934	
CAWUFU020001380.1		scaffold_1935	
CAWUFU020001381.1		scaffold_1936	
CAWUFU020001382.1		scaffold_1937	
CAWUFU020001383.1		scaffold_1938	
CAWUFU020001384.1		scaffold_1939	
CAWUFU020001385.1		scaffold_1940	
CAWUFU020001386.1		scaffold_1941	
CAWUFU020001387.1		scaffold_1942	
CAWUFU020001388.1		scaffold_1943	
CAWUFU020001389.1		scaffold_1944	
CAWUFU020001390.1		scaffold_1945	
CAWUFU020001391.1		scaffold_1946	
CAWUFU020001392.1		scaffold_1947	
CAWUFU020001393.1		scaffold_1948	
CAWUFU020001394.1		scaffold_1949	
CAWUFU020001395.1		scaffold_1950	
CAWUFU020001396.1		scaffold_1951	
CAWUFU020001397.1		scaffold_1952	
CAWUFU020001398.1		scaffold_1953	
CAWUFU020001399.1		scaffold_1954	
CAWUFU020001400.1		scaffold_1955	
CAWUFU020001401.1		scaffold_1956	
CAWUFU020001402.1		scaffold_1957	
CAWUFU020001403.1		scaffold_1958	
CAWUFU020001404.1		scaffold_1959	
CAWUFU020001405.1		scaffold_1960	
CAWUFU020001406.1		scaffold_1961	
CAWUFU020001407.1		scaffold_1962	
CAWUFU020001408.1		scaffold_1963	
CAWUFU020001409.1		scaffold_1964	
CAWUFU020001410.1		scaffold_1965	
CAWUFU020001411.1		scaffold_1966	
CAWUFU020001412.1		scaffold_1967	
CAWUFU020001413.1		scaffold_1968	
CAWUFU020001414.1		scaffold_1969	
CAWUFU020001415.1		scaffold_1970	
CAWUFU020001416.1		scaffold_1971	
CAWUFU020001417.1		scaffold_1972	
CAWUFU020001418.1		scaffold_1973	
CAWUFU020001419.1		scaffold_1975	
CAWUFU020001420.1		scaffold_1976	
CAWUFU020001421.1		scaffold_1977	
CAWUFU020001422.1		scaffold_1978	
CAWUFU020001423.1		scaffold_1979	
CAWUFU020001424.1		scaffold_1980	
CAWUFU020001425.1		scaffold_1981	
CAWUFU020001426.1		scaffold_1982	
CAWUFU020001427.1		scaffold_1983	
CAWUFU020001428.1		scaffold_1984	
CAWUFU020001429.1		scaffold_1985	
CAWUFU020001430.1		scaffold_1986	
CAWUFU020001431.1		scaffold_1987	
CAWUFU020001432.1		scaffold_1988	
CAWUFU020001433.1		scaffold_1989	
CAWUFU020001434.1		scaffold_1990	
CAWUFU020001435.1		scaffold_1991	
CAWUFU020001436.1		scaffold_1992	
CAWUFU020001437.1		scaffold_1993	
CAWUFU020001438.1		scaffold_1994	
CAWUFU020001439.1		scaffold_1995	
CAWUFU020001440.1		scaffold_1996	
CAWUFU020001441.1		scaffold_1997	
CAWUFU020001442.1		scaffold_1998	
CAWUFU020001443.1		scaffold_1999	
CAWUFU020001444.1		scaffold_2000	
CAWUFU020001445.1		scaffold_2001	
CAWUFU020001446.1		scaffold_2002	
CAWUFU020001447.1		scaffold_2004	
CAWUFU020001448.1		scaffold_2005	
CAWUFU020001449.1		scaffold_2007	
CAWUFU020001450.1		scaffold_2008	
CAWUFU020001451.1		scaffold_2009	
CAWUFU020001452.1		scaffold_2010	
CAWUFU020001453.1		scaffold_2011	
CAWUFU020001454.1		scaffold_2012	
CAWUFU020001455.1		scaffold_2013	
CAWUFU020001456.1		scaffold_2014	
CAWUFU020001457.1		scaffold_2015	
CAWUFU020001458.1		scaffold_2016	
CAWUFU020001459.1		scaffold_2017	
CAWUFU020001460.1		scaffold_2018	
CAWUFU020001461.1		scaffold_2019	
CAWUFU020001462.1		scaffold_2020	
CAWUFU020001463.1		scaffold_2021	
CAWUFU020001464.1		scaffold_2022	
CAWUFU020001465.1		scaffold_2023	
CAWUFU020001466.1		scaffold_2024	
CAWUFU020001467.1		scaffold_2025	
CAWUFU020001468.1		scaffold_2026	
CAWUFU020001469.1		scaffold_2027	
CAWUFU020001470.1		scaffold_2028	
CAWUFU020001471.1		scaffold_2029	
CAWUFU020001472.1		scaffold_2030	
CAWUFU020001473.1		scaffold_2032	
CAWUFU020001474.1		scaffold_2034	
CAWUFU020001475.1		scaffold_2035	
CAWUFU020001476.1		scaffold_2036	
CAWUFU020001477.1		scaffold_2037	
CAWUFU020001478.1		scaffold_2038	
CAWUFU020001479.1		scaffold_2039	
CAWUFU020001480.1		scaffold_2040	
CAWUFU020001481.1		scaffold_2041	
CAWUFU020001482.1		scaffold_2042	
CAWUFU020001483.1		scaffold_2043	
CAWUFU020001484.1		scaffold_2044	
CAWUFU020001485.1		scaffold_2045	
CAWUFU020001486.1		scaffold_2046	
CAWUFU020001487.1		scaffold_2047	
CAWUFU020001488.1		scaffold_2048	
CAWUFU020001489.1		scaffold_2049	
CAWUFU020001490.1		scaffold_2050	
CAWUFU020001491.1		scaffold_2051	
CAWUFU020001492.1		scaffold_2052	
CAWUFU020001493.1		scaffold_2053	
CAWUFU020001494.1		scaffold_2055	
CAWUFU020001495.1		scaffold_2056	
CAWUFU020001496.1		scaffold_2057	
CAWUFU020001497.1		scaffold_2058	
CAWUFU020001498.1		scaffold_2059	
CAWUFU020001499.1		scaffold_2060	
CAWUFU020001500.1		scaffold_2061	
CAWUFU020001501.1		scaffold_2062	
CAWUFU020001502.1		scaffold_2063	
CAWUFU020001503.1		scaffold_2064	
CAWUFU020001504.1		scaffold_2065	
CAWUFU020001505.1		scaffold_2066	
CAWUFU020001506.1		scaffold_2067	
CAWUFU020001507.1		scaffold_2068	
CAWUFU020001508.1		scaffold_2069	
CAWUFU020001509.1		scaffold_2070	
CAWUFU020001510.1		scaffold_2071	
CAWUFU020001511.1		scaffold_2072	
CAWUFU020001512.1		scaffold_2073	
CAWUFU020001513.1		scaffold_2074	
CAWUFU020001514.1		scaffold_2075	
CAWUFU020001515.1		scaffold_2076	
CAWUFU020001516.1		scaffold_2077	
CAWUFU020001517.1		scaffold_2078	
CAWUFU020001518.1		scaffold_2079	
CAWUFU020001519.1		scaffold_2080	
CAWUFU020001520.1		scaffold_2081	
CAWUFU020001521.1		scaffold_2082	
CAWUFU020001522.1		scaffold_2083	
CAWUFU020001523.1		scaffold_2084	
CAWUFU020001524.1		scaffold_2085	
CAWUFU020001525.1		scaffold_2086	
CAWUFU020001526.1		scaffold_2087	
CAWUFU020001527.1		scaffold_2089	
CAWUFU020001528.1		scaffold_2090	
CAWUFU020001529.1		scaffold_2091	
CAWUFU020001530.1		scaffold_2092	
CAWUFU020001531.1		scaffold_2093	
CAWUFU020001532.1		scaffold_2094	
CAWUFU020001533.1		scaffold_2095	
CAWUFU020001534.1		scaffold_2096	
CAWUFU020001535.1		scaffold_2097	
CAWUFU020001536.1		scaffold_2098	
CAWUFU020001537.1		scaffold_2099	
CAWUFU020001538.1		scaffold_2100	
CAWUFU020001539.1		scaffold_2101	
CAWUFU020001540.1		scaffold_2102	
CAWUFU020001541.1		scaffold_2103	
CAWUFU020001542.1		scaffold_2104	
CAWUFU020001543.1		scaffold_2105	
CAWUFU020001544.1		scaffold_2106	
CAWUFU020001545.1		scaffold_2107	
CAWUFU020001546.1		scaffold_2108	
CAWUFU020001547.1		scaffold_2109	
CAWUFU020001548.1		scaffold_2110	
CAWUFU020001549.1		scaffold_2111	
CAWUFU020001550.1		scaffold_2112	
CAWUFU020001551.1		scaffold_2113	
CAWUFU020001552.1		scaffold_2114	
CAWUFU020001553.1		scaffold_2115	
CAWUFU020001554.1		scaffold_2116	
CAWUFU020001555.1		scaffold_2117	
CAWUFU020001556.1		scaffold_2118	
CAWUFU020001557.1		scaffold_2119	
CAWUFU020001558.1		scaffold_2120	
CAWUFU020001559.1		scaffold_2121	
CAWUFU020001560.1		scaffold_2123	
CAWUFU020001561.1		scaffold_2124	
CAWUFU020001562.1		scaffold_2125	
CAWUFU020001563.1		scaffold_2126	
CAWUFU020001564.1		scaffold_2128	
CAWUFU020001565.1		scaffold_2129	
CAWUFU020001566.1		scaffold_2130	
CAWUFU020001567.1		scaffold_2131	
CAWUFU020001568.1		scaffold_2132	
CAWUFU020001569.1		scaffold_2134	
CAWUFU020001570.1		scaffold_2135	
CAWUFU020001571.1		scaffold_2136	
CAWUFU020001572.1		scaffold_2137	
CAWUFU020001573.1		scaffold_2138	
CAWUFU020001574.1		scaffold_2139	
CAWUFU020001575.1		scaffold_2140	
CAWUFU020001576.1		scaffold_2141	
CAWUFU020001577.1		scaffold_2142	
CAWUFU020001578.1		scaffold_2143	
CAWUFU020001579.1		scaffold_2145	
CAWUFU020001580.1		scaffold_2146	
CAWUFU020001581.1		scaffold_2147	
CAWUFU020001582.1		scaffold_2148	
CAWUFU020001583.1		scaffold_2149	
CAWUFU020001584.1		scaffold_2150	
CAWUFU020001585.1		scaffold_2151	
CAWUFU020001586.1		scaffold_2152	
CAWUFU020001587.1		scaffold_2153	
CAWUFU020001588.1		scaffold_2154	
CAWUFU020001589.1		scaffold_2155	
CAWUFU020001590.1		scaffold_2156	
CAWUFU020001591.1		scaffold_2158	
CAWUFU020001592.1		scaffold_2160	
CAWUFU020001593.1		scaffold_2161	
CAWUFU020001594.1		scaffold_2163	
CAWUFU020001595.1		scaffold_2164	
CAWUFU020001596.1		scaffold_2165	
CAWUFU020001597.1		scaffold_2168	
CAWUFU020001598.1		scaffold_2169	
CAWUFU020001599.1		scaffold_2171	
CAWUFU020001600.1		scaffold_2172	
CAWUFU020001601.1		scaffold_2173	
CAWUFU020001602.1		scaffold_2174	
CAWUFU020001603.1		scaffold_2175	
CAWUFU020001604.1		scaffold_2176	
CAWUFU020001605.1		scaffold_2177	
CAWUFU020001606.1		scaffold_2178	
CAWUFU020001607.1		scaffold_2180	
CAWUFU020001608.1		scaffold_2182	
CAWUFU020001609.1		scaffold_2183	
CAWUFU020001610.1		scaffold_2184	
CAWUFU020001611.1		scaffold_2186	
CAWUFU020001612.1		scaffold_2187	
CAWUFU020001613.1		scaffold_2188	
CAWUFU020001614.1		scaffold_2189	
CAWUFU020001615.1		scaffold_2190	
CAWUFU020001616.1		scaffold_2191	
CAWUFU020001617.1		scaffold_2192	
CAWUFU020001618.1		scaffold_2193	
CAWUFU020001619.1		scaffold_2194	
CAWUFU020001620.1		scaffold_2195	
CAWUFU020001621.1		scaffold_2196	
CAWUFU020001622.1		scaffold_2197	
CAWUFU020001623.1		scaffold_2198	
CAWUFU020001624.1		scaffold_2202	
CAWUFU020001625.1		scaffold_2203	
CAWUFU020001626.1		scaffold_2204	
CAWUFU020001627.1		scaffold_2205	
CAWUFU020001628.1		scaffold_2206	
CAWUFU020001629.1		scaffold_2207	
CAWUFU020001630.1		scaffold_2208	
CAWUFU020001631.1		scaffold_2210	
CAWUFU020001632.1		scaffold_2211	
CAWUFU020001633.1		scaffold_2212	
CAWUFU020001634.1		scaffold_2213	
CAWUFU020001635.1		scaffold_2214	
CAWUFU020001636.1		scaffold_2215	
CAWUFU020001637.1		scaffold_2216	
CAWUFU020001638.1		scaffold_2217	
CAWUFU020001639.1		scaffold_2218	
CAWUFU020001640.1		scaffold_2219	
CAWUFU020001641.1		scaffold_2220	
CAWUFU020001642.1		scaffold_2221	
CAWUFU020001643.1		scaffold_2222	
CAWUFU020001644.1		scaffold_2223	
CAWUFU020001645.1		scaffold_2224	
CAWUFU020001646.1		scaffold_2225	
CAWUFU020001647.1		scaffold_2226	
CAWUFU020001648.1		scaffold_2227	
CAWUFU020001649.1		scaffold_2228	
CAWUFU020001650.1		scaffold_2229	
CAWUFU020001651.1		scaffold_2230	
CAWUFU020001652.1		scaffold_2231	
CAWUFU020001653.1		scaffold_2232	
CAWUFU020001654.1		scaffold_2234	
CAWUFU020001655.1		scaffold_2235	
CAWUFU020001656.1		scaffold_2237	
OY997404.1		scaffold_MT_1	
OY997405.1		scaffold_pltd_1	
